4.473679999999999879e-01,-6.966290000000000537e-01
5.033790000000000209e-01,-6.962699999999999445e-01
5.592340000000000089e-01,-6.959119999999999751e-01
6.154349999999999543e-01,-6.955510000000000304e-01
6.712310000000000221e-01,-6.951929999999999499e-01
7.271210000000000173e-01,-6.948339999999999517e-01
7.831850000000000200e-01,-6.944730000000000070e-01
8.391640000000000210e-01,-6.941129999999999800e-01
8.949009999999999465e-01,-6.937550000000000106e-01
9.509279999999999955e-01,-6.933939999999999548e-01
1.006931999999999938e+00,-6.930330000000000101e-01
1.062867000000000006e+00,-6.926729999999999832e-01
1.118942000000000103e+00,-6.923110000000000097e-01
1.174792999999999976e+00,-6.919509999999999827e-01
1.230636999999999981e+00,-6.915900000000000380e-01
1.286696000000000062e+00,-6.912279999999999536e-01
1.342818999999999985e+00,-6.908659999999999801e-01
1.398498999999999937e+00,-6.905059999999999532e-01
1.454499999999999904e+00,-6.901439999999999797e-01
1.510521999999999920e+00,-6.897809999999999775e-01
1.566438999999999915e+00,-6.894190000000000040e-01
1.622476999999999947e+00,-6.890560000000000018e-01
1.678436999999999957e+00,-6.886929999999999996e-01
1.734299999999999953e+00,-6.883310000000000262e-01
1.790288000000000102e+00,-6.879680000000000240e-01
1.846416999999999975e+00,-6.876029999999999642e-01
1.902250999999999914e+00,-6.872409999999999908e-01
1.958185999999999982e+00,-6.868769999999999598e-01
2.014340999999999937e+00,-6.865120000000000111e-01
2.070412999999999837e+00,-6.861469999999999514e-01
2.126101999999999936e+00,-6.857849999999999779e-01
2.182167999999999886e+00,-6.854200000000000292e-01
2.238231999999999999e+00,-6.850549999999999695e-01
2.294010000000000105e+00,-6.846910000000000496e-01
2.350156999999999829e+00,-6.843249999999999611e-01
2.406092999999999815e+00,-6.839600000000000124e-01
2.462037000000000031e+00,-6.835949999999999527e-01
2.518191999999999986e+00,-6.832279999999999465e-01
2.573878999999999806e+00,-6.828640000000000265e-01
2.629847999999999963e+00,-6.824980000000000491e-01
2.685896000000000061e+00,-6.821319999999999606e-01
2.741797000000000040e+00,-6.817659999999999831e-01
2.797817999999999916e+00,-6.813989999999999769e-01
2.853953000000000184e+00,-6.810310000000000530e-01
2.909771000000000107e+00,-6.806649999999999645e-01
2.965831000000000106e+00,-6.802979999999999583e-01
3.021819999999999951e+00,-6.799300000000000344e-01
3.077792999999999779e+00,-6.795630000000000281e-01
3.133783999999999903e+00,-6.791949999999999932e-01
3.189646999999999899e+00,-6.788279999999999870e-01
3.245737000000000094e+00,-6.784590000000000343e-01
3.301708999999999783e+00,-6.780909999999999993e-01
3.357680000000000220e+00,-6.777229999999999643e-01
3.413853000000000026e+00,-6.773529999999999829e-01
3.469689999999999941e+00,-6.769849999999999479e-01
3.525643000000000082e+00,-6.766159999999999952e-01
3.581536999999999971e+00,-6.762470000000000425e-01
3.637767999999999891e+00,-6.758760000000000323e-01
3.693534999999999791e+00,-6.755079999999999973e-01
3.749473000000000056e+00,-6.751390000000000446e-01
3.805654999999999788e+00,-6.747670000000000057e-01
3.861619000000000135e+00,-6.743970000000000242e-01
3.917677999999999994e+00,-6.740270000000000428e-01
3.973543999999999965e+00,-6.736569999999999503e-01
4.029503000000000057e+00,-6.732860000000000511e-01
4.085415000000000241e+00,-6.729159999999999586e-01
4.141541000000000139e+00,-6.725440000000000307e-01
4.197545999999999999e+00,-6.721719999999999917e-01
4.253372999999999848e+00,-6.718020000000000103e-01
4.309450000000000003e+00,-6.714299999999999713e-01
4.365542999999999729e+00,-6.710570000000000146e-01
4.421344000000000385e+00,-6.706860000000000044e-01
4.477505999999999986e+00,-6.703130000000000477e-01
4.533370999999999817e+00,-6.699410000000000087e-01
4.589409999999999989e+00,-6.695680000000000520e-01
4.645350999999999786e+00,-6.691960000000000131e-01
4.701360000000000205e+00,-6.688229999999999453e-01
4.757331999999999894e+00,-6.684499999999999886e-01
4.813344999999999985e+00,-6.680760000000000032e-01
4.869290999999999592e+00,-6.677030000000000465e-01
4.925297999999999732e+00,-6.673289999999999500e-01
4.981307000000000151e+00,-6.669549999999999645e-01
5.037175999999999654e+00,-6.665820000000000078e-01
5.093276000000000359e+00,-6.662069999999999936e-01
5.149264999999999759e+00,-6.658319999999999794e-01
5.205330000000000013e+00,-6.654569999999999652e-01
5.261314999999999742e+00,-6.650819999999999510e-01
5.317140000000000200e+00,-6.647079999999999655e-01
5.373159000000000241e+00,-6.643329999999999513e-01
5.429412000000000127e+00,-6.639559999999999906e-01
5.485153000000000389e+00,-6.635820000000000052e-01
5.541225999999999985e+00,-6.632050000000000445e-01
5.597099000000000046e+00,-6.628300000000000303e-01
5.653209000000000373e+00,-6.624529999999999585e-01
5.709184999999999732e+00,-6.620770000000000266e-01
5.765064999999999884e+00,-6.617009999999999836e-01
5.821195999999999593e+00,-6.613229999999999942e-01
5.877044999999999852e+00,-6.609469999999999512e-01
5.933081999999999745e+00,-6.605699999999999905e-01
5.989054999999999573e+00,-6.601930000000000298e-01
6.045128000000000057e+00,-6.598150000000000404e-01
6.101122000000000156e+00,-6.594370000000000509e-01
6.157112999999999836e+00,-6.590589999999999504e-01
6.213128000000000206e+00,-6.586809999999999610e-01
6.269012000000000029e+00,-6.583029999999999715e-01
6.325237000000000442e+00,-6.579230000000000356e-01
6.381015999999999799e+00,-6.575450000000000461e-01
6.436987000000000236e+00,-6.571559999999999624e-01
6.493155999999999928e+00,-6.567399999999999904e-01
6.549059999999999881e+00,-6.562940000000000440e-01
6.605061000000000071e+00,-6.558110000000000328e-01
6.661286999999999736e+00,-6.552829999999999488e-01
6.716935000000000322e+00,-6.547159999999999647e-01
6.772946000000000133e+00,-6.540979999999999572e-01
6.829093000000000302e+00,-6.534280000000000088e-01
6.885003000000000206e+00,-6.527070000000000372e-01
6.940925000000000011e+00,-6.519239999999999480e-01
6.997023999999999688e+00,-6.510719999999999841e-01
7.053033000000000108e+00,-6.501500000000000057e-01
7.108964000000000283e+00,-6.491540000000000088e-01
7.164981000000000044e+00,-6.480749999999999567e-01
7.220945000000000391e+00,-6.469110000000000138e-01
7.276837000000000444e+00,-6.456549999999999789e-01
7.332836000000000354e+00,-6.442970000000000086e-01
7.388857999999999926e+00,-6.428319999999999590e-01
7.444937000000000360e+00,-6.412259999999999627e-01
7.500823999999999714e+00,-6.394419999999999549e-01
7.556684999999999874e+00,-6.374450000000000394e-01
7.612663000000000402e+00,-6.352010000000000156e-01
7.668682000000000443e+00,-6.326859999999999706e-01
7.724497000000000391e+00,-6.298909999999999787e-01
7.779891000000000112e+00,-6.267880000000000118e-01
7.834268999999999927e+00,-6.233600000000000252e-01
7.887826999999999700e+00,-6.195370000000000044e-01
7.940640000000000143e+00,-6.152509999999999923e-01
7.992402000000000228e+00,-6.104629999999999779e-01
8.043431999999999249e+00,-6.050780000000000047e-01
8.093412999999999968e+00,-5.990569999999999506e-01
8.142552999999999486e+00,-5.923030000000000239e-01
8.190709000000000017e+00,-5.847529999999999673e-01
8.238004000000000104e+00,-5.763249999999999762e-01
8.284188999999999581e+00,-5.670220000000000260e-01
8.329337999999999909e+00,-5.567950000000000399e-01
8.373329999999999274e+00,-5.456419999999999604e-01
8.416385999999999257e+00,-5.334839999999999582e-01
8.458411999999999153e+00,-5.203250000000000375e-01
8.498727000000000587e+00,-5.063819999999999988e-01
8.538145000000000095e+00,-4.913640000000000230e-01
8.576980999999999966e+00,-4.749030000000000196e-01
8.615636999999999546e+00,-4.567089999999999761e-01
8.653444999999999609e+00,-4.370950000000000113e-01
8.690787000000000262e+00,-4.158930000000000127e-01
8.727629999999999555e+00,-3.931399999999999895e-01
8.763875999999999777e+00,-3.689310000000000089e-01
8.799485999999999919e+00,-3.433499999999999885e-01
8.834455000000000169e+00,-3.164750000000000063e-01
8.868868000000000862e+00,-2.883109999999999840e-01
8.902639999999999887e+00,-2.589819999999999900e-01
8.935572999999999766e+00,-2.287389999999999979e-01
8.967902000000000484e+00,-1.974480000000000124e-01
8.999765999999999266e+00,-1.650419999999999943e-01
9.030903000000000347e+00,-1.318699999999999872e-01
9.061543000000000347e+00,-9.777900000000000480e-02
9.091540000000000177e+00,-6.302399999999999669e-02
9.121014999999999873e+00,-2.756600000000000023e-02
9.150076999999999572e+00,8.635999999999999580e-03
9.178727999999999554e+00,4.549600000000000172e-02
9.206913999999999376e+00,8.285399999999999709e-02
9.234809999999999519e+00,1.208700000000000052e-01
9.262169000000000096e+00,1.591589999999999949e-01
9.289279999999999760e+00,1.980490000000000028e-01
9.316057999999999950e+00,2.372920000000000029e-01
9.342613999999999308e+00,2.769780000000000020e-01
9.368921000000000276e+00,3.170470000000000232e-01
9.394956000000000529e+00,3.574590000000000267e-01
9.420579000000000036e+00,3.980339999999999989e-01
9.445887000000000810e+00,4.389279999999999848e-01
9.470665999999999585e+00,4.798200000000000243e-01
9.495217000000000240e+00,5.212419999999999831e-01
9.519175999999999860e+00,5.626020000000000465e-01
9.542863000000000540e+00,6.044519999999999893e-01
9.566074000000000410e+00,6.464419999999999611e-01
9.588860999999999635e+00,6.886679999999999469e-01
9.611228000000000549e+00,7.311499999999999666e-01
9.633138999999999896e+00,7.738450000000000051e-01
9.654562000000000310e+00,8.167079999999999895e-01
9.675592999999999222e+00,8.599480000000000457e-01
9.696097999999999217e+00,9.033079999999999998e-01
9.716098999999999819e+00,9.468459999999999654e-01
9.735677000000000803e+00,9.907650000000000068e-01
9.754842999999999265e+00,1.035109000000000057e+00
9.773448999999999387e+00,1.079549000000000092e+00
9.791707000000000605e+00,1.124613000000000085e+00
9.809433999999999543e+00,1.169864000000000015e+00
9.826714000000000837e+00,1.215506999999999893e+00
9.843550999999999718e+00,1.261536999999999908e+00
9.859911999999999566e+00,1.307859000000000105e+00
9.875750000000000028e+00,1.354316000000000075e+00
9.891227999999999909e+00,1.401372999999999980e+00
9.906204000000000676e+00,1.448582000000000036e+00
9.920728000000000435e+00,1.496083000000000052e+00
9.934791999999999845e+00,1.543792999999999971e+00
9.948479000000000738e+00,1.591889000000000109e+00
9.961738000000000426e+00,1.640098999999999974e+00
9.974629999999999441e+00,1.688614000000000059e+00
9.987166999999999462e+00,1.737446000000000046e+00
9.999316999999999567e+00,1.786432000000000020e+00
1.001110100000000003e+01,1.835587000000000080e+00
1.002255199999999924e+01,1.884991000000000083e+00
1.003365999999999936e+01,1.934531999999999918e+00
1.004445600000000027e+01,1.984264999999999946e+00
1.005495200000000011e+01,2.034171000000000173e+00
1.006515399999999971e+01,2.084185999999999872e+00
1.007512200000000036e+01,2.134526999999999841e+00
1.008484499999999962e+01,2.185065999999999953e+00
1.009424100000000024e+01,2.235373000000000054e+00
1.010341299999999976e+01,2.286080999999999808e+00
1.011235899999999965e+01,2.337149999999999839e+00
1.012097100000000083e+01,2.387900999999999829e+00
1.012937299999999929e+01,2.439001999999999892e+00
1.013757700000000028e+01,2.490508000000000166e+00
1.014548600000000000e+01,2.541784999999999961e+00
1.015317699999999945e+01,2.593278999999999890e+00
1.016063100000000041e+01,2.644845999999999808e+00
1.016784200000000027e+01,2.696419999999999817e+00
1.017485500000000087e+01,2.748307000000000055e+00
1.018164600000000064e+01,2.800330999999999904e+00
1.018819099999999978e+01,2.852281000000000066e+00
1.019453700000000040e+01,2.904520000000000213e+00
1.020063799999999965e+01,2.956682999999999950e+00
1.020653700000000086e+01,3.009129999999999860e+00
1.021219400000000022e+01,3.061484000000000094e+00
1.021765300000000032e+01,3.114100999999999786e+00
1.022287799999999969e+01,3.166669999999999874e+00
1.022790799999999933e+01,3.219570000000000043e+00
1.023270699999999955e+01,3.272409000000000123e+00
1.023727099999999979e+01,3.325133999999999812e+00
1.024162800000000040e+01,3.378036999999999956e+00
1.024578699999999998e+01,3.431280000000000108e+00
1.024970199999999920e+01,3.484224999999999905e+00
1.025343200000000010e+01,3.537595000000000045e+00
1.025695799999999913e+01,3.590809000000000140e+00
1.026030000000000086e+01,3.643990000000000062e+00
1.026347200000000015e+01,3.697410000000000085e+00
1.026644499999999915e+01,3.750939999999999941e+00
1.026921699999999937e+01,3.804467999999999961e+00
1.027178499999999950e+01,3.857943000000000122e+00
1.027416200000000046e+01,3.911595999999999851e+00
1.027635100000000001e+01,3.965403999999999929e+00
1.027834600000000087e+01,4.019155999999999729e+00
1.028015700000000088e+01,4.072974000000000316e+00
1.028178800000000059e+01,4.126822999999999908e+00
1.028324899999999964e+01,4.180762999999999785e+00
1.028454299999999932e+01,4.234744000000000064e+00
1.028567400000000021e+01,4.288630999999999638e+00
1.028666600000000031e+01,4.342786000000000257e+00
1.028751899999999964e+01,4.396873000000000253e+00
1.028823799999999977e+01,4.450935000000000308e+00
1.028883000000000081e+01,4.505088999999999899e+00
1.028929800000000050e+01,4.559296999999999933e+00
1.028964799999999968e+01,4.613686000000000398e+00
1.028988200000000042e+01,4.667877999999999972e+00
1.029000800000000027e+01,4.722285000000000288e+00
1.029002999999999979e+01,4.776736999999999789e+00
1.028995500000000085e+01,4.830957999999999863e+00
1.028978500000000018e+01,4.885731999999999964e+00
1.028952800000000067e+01,4.940039999999999765e+00
1.028918799999999933e+01,4.994468000000000352e+00
1.028876799999999925e+01,5.049025000000000318e+00
1.028827500000000050e+01,5.103729000000000404e+00
1.028771399999999936e+01,5.158237999999999879e+00
1.028708999999999918e+01,5.212805000000000355e+00
1.028640599999999949e+01,5.267420999999999687e+00
1.028566400000000058e+01,5.322295000000000442e+00
1.028487499999999955e+01,5.376801999999999637e+00
1.028403800000000068e+01,5.431433000000000177e+00
1.028315300000000043e+01,5.486394999999999911e+00
1.028223299999999973e+01,5.541058999999999735e+00
1.028127399999999980e+01,5.595804000000000222e+00
1.028026900000000055e+01,5.650718999999999603e+00
1.027921500000000066e+01,5.705483000000000082e+00
1.027810500000000005e+01,5.760466000000000086e+00
1.027694299999999927e+01,5.815408999999999828e+00
1.027572900000000011e+01,5.870181999999999789e+00
1.027444999999999986e+01,5.925252999999999659e+00
1.027310699999999954e+01,5.980395999999999823e+00
1.027169600000000038e+01,6.035612999999999673e+00
1.027023200000000003e+01,6.090188000000000379e+00
1.026867999999999981e+01,6.145355000000000345e+00
1.026706000000000074e+01,6.200148999999999688e+00
1.026534799999999947e+01,6.255214999999999748e+00
1.026354300000000030e+01,6.310412000000000354e+00
1.026163299999999978e+01,6.365631999999999735e+00
1.025959300000000063e+01,6.420494999999999841e+00
1.025735300000000016e+01,6.475703000000000209e+00
1.025488799999999934e+01,6.530990000000000073e+00
1.025217300000000087e+01,6.586362000000000272e+00
1.024923099999999998e+01,6.641009000000000384e+00
1.024597200000000008e+01,6.696273999999999837e+00
1.024242699999999928e+01,6.750795000000000101e+00
1.023854399999999920e+01,6.804642000000000301e+00
1.023427399999999921e+01,6.857669999999999710e+00
1.022955699999999979e+01,6.909831999999999752e+00
1.022432399999999930e+01,6.961148999999999809e+00
1.021853699999999954e+01,7.011364000000000374e+00
1.021209999999999951e+01,7.060711999999999655e+00
1.020493399999999973e+01,7.109187000000000367e+00
1.019697299999999984e+01,7.156710999999999601e+00
1.018816400000000044e+01,7.203257999999999939e+00
1.017851899999999965e+01,7.248620999999999981e+00
1.016788200000000053e+01,7.293260000000000076e+00
1.015638900000000078e+01,7.336448999999999998e+00
1.014386799999999944e+01,7.378757000000000232e+00
1.013040900000000022e+01,7.419829000000000008e+00
1.011593399999999932e+01,7.459775999999999740e+00
1.010002800000000001e+01,7.499244000000000021e+00
1.008254100000000086e+01,7.538393000000000121e+00
1.006349400000000038e+01,7.577123000000000275e+00
1.004296300000000031e+01,7.615287999999999613e+00
1.002079099999999912e+01,7.653189000000000242e+00
9.997436999999999685e+00,7.690106000000000108e+00
9.972531999999999286e+00,7.726714000000000304e+00
9.946327999999999392e+00,7.762698999999999572e+00
9.919038000000000466e+00,7.797883999999999816e+00
9.890390000000000015e+00,7.832718999999999987e+00
9.860725000000000406e+00,7.866856000000000293e+00
9.830220000000000624e+00,7.900179999999999758e+00
9.798609000000000790e+00,7.933061000000000362e+00
9.765990999999999644e+00,7.965449999999999697e+00
9.732711999999999364e+00,7.997088999999999892e+00
9.698472999999999900e+00,8.028340000000000032e+00
9.663555999999999813e+00,8.059020000000000294e+00
9.628016999999999825e+00,8.089157000000000153e+00
9.591722999999999999e+00,8.118947000000000358e+00
9.554790999999999812e+00,8.148338000000000747e+00
9.517557000000000045e+00,8.177110000000000767e+00
9.479516000000000275e+00,8.205738000000000198e+00
9.441297999999999746e+00,8.233824999999999505e+00
9.402399000000000839e+00,8.261786999999999992e+00
9.363153999999999755e+00,8.289405999999999608e+00
9.323541999999999774e+00,8.316720000000000113e+00
9.283882000000000190e+00,8.343493000000000492e+00
9.243805000000000049e+00,8.369982999999999507e+00
9.203547000000000367e+00,8.396022000000000318e+00
9.163045000000000329e+00,8.421633999999999176e+00
9.122225999999999502e+00,8.446846000000000743e+00
9.081146000000000384e+00,8.471602000000000743e+00
9.039702999999999378e+00,8.495958999999999151e+00
8.998219999999999885e+00,8.519731000000000165e+00
8.956224000000000629e+00,8.543179999999999552e+00
8.914111000000000118e+00,8.566069000000000599e+00
8.871793000000000262e+00,8.588447999999999638e+00
8.829117999999999356e+00,8.610381999999999536e+00
8.786046999999999940e+00,8.631887000000000754e+00
8.742981000000000336e+00,8.652758000000000393e+00
8.699592000000000880e+00,8.673145999999999134e+00
8.656076999999999799e+00,8.692956000000000572e+00
8.611919000000000324e+00,8.712417999999999552e+00
8.567334000000000671e+00,8.731420999999999211e+00
8.522458000000000311e+00,8.749905000000000044e+00
8.477361000000000146e+00,8.767844999999999445e+00
8.431912000000000518e+00,8.785294999999999632e+00
8.385979000000000738e+00,8.802296000000000120e+00
8.339634999999999465e+00,8.818827000000000638e+00
8.293027999999999622e+00,8.834844999999999615e+00
8.246207999999999316e+00,8.850343999999999767e+00
8.199006000000000682e+00,8.865387000000000128e+00
8.151450999999999780e+00,8.879977000000000231e+00
8.103640999999999650e+00,8.894095000000000084e+00
8.055580000000000851e+00,8.907761999999999958e+00
8.007310999999999623e+00,8.920999999999999375e+00
7.958851000000000120e+00,8.933820000000000761e+00
7.909974000000000061e+00,8.946289999999999409e+00
7.861011999999999666e+00,8.958339000000000496e+00
7.811816999999999567e+00,8.970019999999999882e+00
7.762510999999999939e+00,8.981320000000000192e+00
7.712901999999999703e+00,8.992302000000000461e+00
7.663032000000000288e+00,9.002971999999999753e+00
7.613158999999999565e+00,9.013293000000000887e+00
7.562967000000000439e+00,9.023350999999999900e+00
7.512672000000000239e+00,9.033120000000000260e+00
7.462246000000000379e+00,9.042617999999999157e+00
7.411735000000000184e+00,9.051824999999999122e+00
7.360994999999999955e+00,9.060767000000000237e+00
7.310029000000000110e+00,9.069451000000000818e+00
7.259091999999999878e+00,9.077844999999999942e+00
7.207825999999999844e+00,9.086017000000000010e+00
7.156661999999999857e+00,9.093904000000000210e+00
7.105110999999999954e+00,9.101589000000000595e+00
7.053713000000000122e+00,9.108993999999999147e+00
7.001845999999999570e+00,9.116213999999999373e+00
6.950187999999999811e+00,9.123158000000000101e+00
6.898401999999999923e+00,9.129875000000000185e+00
6.846318000000000126e+00,9.136390000000000455e+00
6.794309000000000154e+00,9.142658000000000840e+00
6.742053000000000296e+00,9.148716999999999544e+00
6.689866999999999564e+00,9.154533999999999949e+00
6.637196000000000318e+00,9.160171000000000063e+00
6.584978000000000442e+00,9.165528999999999371e+00
6.532313000000000258e+00,9.170704000000000633e+00
6.479682999999999637e+00,9.175649999999999196e+00
6.427042000000000144e+00,9.180369999999999919e+00
6.374045999999999879e+00,9.184896999999999423e+00
6.321284000000000347e+00,9.189180999999999599e+00
6.268283000000000271e+00,9.193265999999999494e+00
6.215071000000000012e+00,9.197172000000000125e+00
6.161973999999999840e+00,9.200891000000000375e+00
6.108589000000000269e+00,9.204451999999999856e+00
6.055393999999999721e+00,9.207822000000000173e+00
6.001909000000000383e+00,9.211033000000000470e+00
5.948695999999999984e+00,9.214055000000000106e+00
5.895228999999999608e+00,9.216920999999999253e+00
5.841779999999999973e+00,9.219621000000000066e+00
5.788273000000000224e+00,9.222163000000000110e+00
5.734435999999999645e+00,9.224565999999999377e+00
5.680625000000000036e+00,9.226817000000000490e+00
5.627162000000000219e+00,9.228911999999999338e+00
5.573021999999999920e+00,9.230895999999999546e+00
5.519270999999999816e+00,9.232734999999999914e+00
5.465263000000000204e+00,9.234458999999999307e+00
5.411387999999999643e+00,9.236062000000000438e+00
5.357326999999999728e+00,9.237558999999999187e+00
5.303605000000000125e+00,9.238944000000000045e+00
5.249487000000000236e+00,9.240240999999999261e+00
5.195285000000000153e+00,9.241447000000000855e+00
5.141116000000000241e+00,9.242566999999999311e+00
5.086985999999999564e+00,9.243605000000000516e+00
5.032639999999999780e+00,9.244573000000000818e+00
4.978356999999999921e+00,9.245469999999999189e+00
4.923797999999999675e+00,9.246306000000000580e+00
4.869767999999999653e+00,9.247075000000000600e+00
4.815351999999999855e+00,9.247794000000000736e+00
4.760926000000000435e+00,9.248461999999999961e+00
4.706214000000000119e+00,9.249086999999999392e+00
4.651854000000000156e+00,9.249665000000000248e+00
4.597421999999999898e+00,9.250204999999999345e+00
4.542864999999999931e+00,9.250709999999999766e+00
4.488292999999999644e+00,9.251182999999999268e+00
4.433423000000000336e+00,9.251628000000000185e+00
4.378919999999999924e+00,9.252043999999999713e+00
4.324119999999999742e+00,9.252437999999999718e+00
4.269531999999999883e+00,9.252808999999999173e+00
4.214767000000000152e+00,9.253161000000000413e+00
4.159797000000000189e+00,9.253496999999999417e+00
4.105135999999999896e+00,9.253816999999999737e+00
4.050250000000000128e+00,9.254120999999999597e+00
3.995661999999999825e+00,9.254400000000000404e+00
3.940780999999999867e+00,9.254652999999999352e+00
3.885899999999999910e+00,9.254851000000000383e+00
3.830975000000000019e+00,9.254991999999999663e+00
3.775825000000000209e+00,9.255077999999999250e+00
3.721092000000000066e+00,9.255105999999999611e+00
3.666104999999999947e+00,9.255081000000000557e+00
3.610926000000000080e+00,9.255017999999999745e+00
3.556039999999999868e+00,9.254934999999999690e+00
3.501004000000000005e+00,9.254827999999999832e+00
3.445943999999999896e+00,9.254694000000000642e+00
3.390610999999999819e+00,9.254530000000000811e+00
3.335751000000000133e+00,9.254336000000000340e+00
3.280559999999999921e+00,9.254106999999999417e+00
3.225267999999999802e+00,9.253842000000000567e+00
3.170224000000000153e+00,9.253543999999999770e+00
3.115151000000000003e+00,9.253209000000000017e+00
3.059863000000000000e+00,9.252836000000000283e+00
3.004626000000000019e+00,9.252425999999999817e+00
2.949403999999999915e+00,9.251979999999999649e+00
2.894267000000000145e+00,9.251497999999999777e+00
2.838902000000000037e+00,9.250978999999999175e+00
2.783723999999999865e+00,9.250425999999999149e+00
2.728241999999999834e+00,9.249834999999999141e+00
2.673132999999999981e+00,9.249214999999999520e+00
2.617713999999999874e+00,9.248559000000000196e+00
2.562375999999999987e+00,9.247871999999999204e+00
2.507108000000000114e+00,9.247154999999999347e+00
2.451728000000000129e+00,9.246406999999999599e+00
2.396298999999999957e+00,9.245632000000000517e+00
2.340993999999999797e+00,9.244834000000000884e+00
2.285276000000000085e+00,9.244004999999999583e+00
2.230026000000000064e+00,9.243159000000000347e+00
2.174789999999999779e+00,9.242290000000000560e+00
2.119241000000000152e+00,9.241395000000000692e+00
2.063813000000000120e+00,9.240482000000000085e+00
2.008452000000000126e+00,9.239549999999999486e+00
1.952951000000000104e+00,9.238597999999999644e+00
1.897496999999999989e+00,9.237629999999999342e+00
1.841863999999999946e+00,9.236641999999999797e+00
1.786389999999999922e+00,9.235642000000000351e+00
1.730671999999999988e+00,9.234624000000000166e+00
1.675194000000000072e+00,9.233598000000000638e+00
1.619933000000000067e+00,9.232563000000000741e+00
1.564038999999999957e+00,9.231505000000000294e+00
1.508747000000000060e+00,9.230448000000000874e+00
1.453271999999999897e+00,9.229376999999999498e+00
1.397439000000000098e+00,9.228291000000000466e+00
1.342154000000000069e+00,9.227206999999999937e+00
1.286540999999999935e+00,9.226110000000000255e+00
1.230836000000000041e+00,9.225002999999999176e+00
1.175229999999999997e+00,9.223891999999999314e+00
1.119564000000000004e+00,9.222773999999999361e+00
1.064149999999999929e+00,9.221655999999999409e+00
1.008397999999999906e+00,9.220525999999999556e+00
9.527569999999999650e-01,9.219393999999999423e+00
8.970069999999999988e-01,9.218254999999999200e+00
8.415610000000000035e-01,9.217119999999999536e+00
7.857210000000000027e-01,9.215972999999999971e+00
7.301969999999999850e-01,9.214828999999999937e+00
6.744130000000000402e-01,9.213677999999999813e+00
6.186580000000000412e-01,9.212524999999999409e+00
5.630220000000000224e-01,9.211372000000000781e+00
5.075340000000000407e-01,9.210221000000000657e+00
4.516510000000000247e-01,9.209059999999999135e+00
3.961560000000000081e-01,9.207905999999999480e+00
3.402629999999999821e-01,9.206742000000000203e+00
2.846369999999999734e-01,9.205583000000000737e+00
2.290250000000000064e-01,9.204423000000000243e+00
1.733049999999999868e-01,9.203260999999999470e+00
1.173489999999999950e-01,9.202092999999999634e+00
6.183799999999999714e-02,9.200932999999999140e+00
5.934000000000000039e-03,9.199764999999999304e+00
-4.977000000000000174e-02,9.198601000000000028e+00
-1.054220000000000018e-01,9.197438000000000002e+00
-1.611849999999999949e-01,9.196272999999999698e+00
-2.170999999999999874e-01,9.195104000000000610e+00
-2.727140000000000120e-01,9.193941999999999837e+00
-3.284650000000000070e-01,9.192776999999999532e+00
-3.843759999999999954e-01,9.191608000000000445e+00
-4.400249999999999995e-01,9.190445000000000420e+00
-4.958489999999999842e-01,9.189279000000000863e+00
-5.517170000000000130e-01,9.188112000000000279e+00
-6.075270000000000392e-01,9.186946999999999974e+00
-6.632789999999999520e-01,9.185781999999999670e+00
-7.190020000000000300e-01,9.184618999999999645e+00
-7.748279999999999612e-01,9.183453999999999340e+00
-8.306139999999999635e-01,9.182290000000000063e+00
-8.864109999999999490e-01,9.181127000000000038e+00
-9.423690000000000122e-01,9.179959999999999454e+00
-9.980780000000000207e-01,9.178798000000000457e+00
-1.054006999999999916e+00,9.177633000000000152e+00
-1.109954000000000107e+00,9.176467000000000596e+00
-1.165567000000000020e+00,9.175309000000000381e+00
-1.221492999999999940e+00,9.174144000000000077e+00
-1.277222999999999997e+00,9.172983999999999583e+00
-1.333155000000000090e+00,9.171820000000000306e+00
-1.389127000000000001e+00,9.170655000000000001e+00
-1.444925000000000015e+00,9.169494000000000256e+00
-1.500666999999999973e+00,9.168335000000000790e+00
-1.556454999999999922e+00,9.167175000000000296e+00
-1.612422000000000022e+00,9.166012000000000270e+00
-1.668266999999999944e+00,9.164851000000000525e+00
-1.724037999999999959e+00,9.163691999999999283e+00
-1.779970999999999970e+00,9.162530000000000285e+00
-1.835782999999999943e+00,9.161371000000000819e+00
-1.891844000000000081e+00,9.160206999999999766e+00
-1.947748000000000035e+00,9.159046999999999272e+00
-2.003372999999999848e+00,9.157892000000000365e+00
-2.059349000000000096e+00,9.156729999999999592e+00
-2.115238000000000174e+00,9.155571000000000126e+00
-2.171114999999999906e+00,9.154412000000000660e+00
-2.226973000000000091e+00,9.153252999999999417e+00
-2.282763000000000098e+00,9.152096000000000231e+00
-2.338818999999999981e+00,9.150933999999999457e+00
-2.394556999999999825e+00,9.149779000000000551e+00
-2.450617999999999963e+00,9.148616999999999777e+00
-2.506372999999999962e+00,9.147462000000000870e+00
-2.562333000000000194e+00,9.146302000000000376e+00
-2.618215000000000181e+00,9.145144000000000162e+00
-2.674319000000000113e+00,9.143981999999999388e+00
-2.730091999999999963e+00,9.142827000000000481e+00
-2.786016000000000048e+00,9.141669000000000267e+00
-2.841744999999999965e+00,9.140515000000000612e+00
-2.897800000000000153e+00,9.139355000000000118e+00
-2.953570000000000029e+00,9.138201000000000462e+00
-3.009482999999999908e+00,9.137043000000000248e+00
-3.065478999999999843e+00,9.135884000000000782e+00
-3.121290999999999816e+00,9.134729999999999350e+00
-3.177224999999999966e+00,9.133571999999999136e+00
-3.233166999999999902e+00,9.132414999999999949e+00
-3.289156000000000191e+00,9.131256999999999735e+00
-3.345105000000000217e+00,9.130100000000000549e+00
-3.400894000000000084e+00,9.128945999999999117e+00
-3.456847999999999921e+00,9.127788999999999930e+00
-3.512849000000000110e+00,9.126630999999999716e+00
-3.568855000000000111e+00,9.125474000000000530e+00
-3.624601999999999880e+00,9.124321000000000126e+00
-3.680533000000000055e+00,9.123165000000000191e+00
-3.736632000000000176e+00,9.122006000000000725e+00
-3.792543000000000220e+00,9.120851000000000042e+00
-3.848316000000000070e+00,9.119697999999999638e+00
-3.904363000000000028e+00,9.118539999999999424e+00
-3.960176000000000140e+00,9.117388000000000048e+00
-4.016249000000000180e+00,9.116229000000000582e+00
-4.072155999999999665e+00,9.115074999999999150e+00
-4.128243000000000329e+00,9.113915999999999684e+00
-4.184238999999999820e+00,9.112759999999999749e+00
-4.239872000000000085e+00,9.111610999999999905e+00
-4.295906999999999698e+00,9.110454999999999970e+00
-4.351766999999999719e+00,9.109301999999999566e+00
-4.407821000000000211e+00,9.108145000000000380e+00
-4.463739000000000345e+00,9.106991000000000724e+00
-4.519593000000000416e+00,9.105838000000000321e+00
-4.575528000000000262e+00,9.104684000000000665e+00
-4.631470000000000198e+00,9.103528999999999982e+00
-4.687482000000000149e+00,9.102373999999999299e+00
-4.743475000000000108e+00,9.101219000000000392e+00
-4.799324999999999619e+00,9.100066999999999240e+00
-4.855362000000000400e+00,9.098910999999999305e+00
-4.911349000000000409e+00,9.097756999999999650e+00
-4.967278000000000304e+00,9.096602999999999994e+00
-5.023236999999999952e+00,9.095449999999999591e+00
-5.079119000000000383e+00,9.094298000000000215e+00
-5.135227999999999682e+00,9.093140999999999252e+00
-5.190999999999999837e+00,9.091991000000000156e+00
-5.247061999999999671e+00,9.090835999999999473e+00
-5.303045000000000009e+00,9.089681999999999817e+00
-5.358887000000000178e+00,9.088532000000000721e+00
-5.414849000000000245e+00,9.087377999999999290e+00
-5.470803000000000083e+00,9.086225999999999914e+00
-5.526730999999999838e+00,9.085074000000000538e+00
-5.582756999999999969e+00,9.083920000000000883e+00
-5.638745000000000118e+00,9.082767000000000479e+00
-5.694704999999999906e+00,9.081614000000000075e+00
-5.750726000000000226e+00,9.080460999999999672e+00
-5.806840000000000224e+00,9.079304999999999737e+00
-5.862741999999999898e+00,9.078153999999999613e+00
-5.918453999999999660e+00,9.077007000000000048e+00
-5.974516999999999634e+00,9.075853000000000392e+00
-6.030501000000000111e+00,9.074700999999999240e+00
-6.086469000000000129e+00,9.073548999999999864e+00
-6.142484999999999751e+00,9.072397000000000489e+00
-6.198312999999999739e+00,9.071248000000000644e+00
-6.254370999999999903e+00,9.070095000000000240e+00
-6.310254999999999725e+00,9.068944999999999368e+00
-6.366172999999999860e+00,9.067795000000000272e+00
-6.422285999999999717e+00,9.066641000000000616e+00
-6.478138999999999648e+00,9.065492000000000772e+00
-6.534176999999999680e+00,9.064339999999999620e+00
-6.590207000000000370e+00,9.063188000000000244e+00
-6.646022999999999570e+00,9.062039999999999651e+00
-6.702117000000000324e+00,9.060886999999999247e+00
-6.757960999999999885e+00,9.059739999999999682e+00
-6.814154000000000266e+00,9.058585000000000775e+00
-6.869885000000000019e+00,9.057439000000000462e+00
-6.926143999999999856e+00,9.056283000000000527e+00
-6.981950000000000323e+00,9.055137000000000214e+00
-7.037810999999999595e+00,9.053988999999999621e+00
-7.093906999999999741e+00,9.052837000000000245e+00
-7.149966000000000044e+00,9.051685000000000869e+00
-7.205985000000000085e+00,9.050534999999999997e+00
-7.261724000000000068e+00,9.049390000000000711e+00
-7.317689999999999806e+00,9.048241000000000867e+00
-7.373752999999999780e+00,9.047090000000000742e+00
-7.429744999999999600e+00,9.045939999999999870e+00
-7.485711000000000226e+00,9.044791000000000025e+00
-7.541596000000000188e+00,9.043644000000000460e+00
-7.597541999999999796e+00,9.042495999999999867e+00
-7.653624999999999901e+00,9.041344999999999743e+00
-7.709741000000000177e+00,9.040193999999999619e+00
-7.765590999999999688e+00,9.039047999999999305e+00
-7.821683000000000163e+00,9.037896999999999181e+00
-7.877443999999999669e+00,9.036752999999999147e+00
-7.933501999999999832e+00,9.035603000000000051e+00
-7.989474999999999660e+00,9.034454999999999458e+00
-8.045370999999999384e+00,9.033308999999999145e+00
-8.101487999999999801e+00,9.032158000000000797e+00
-8.157315999999999789e+00,9.031014000000000763e+00
-8.213354000000000710e+00,9.029864999999999142e+00
-8.269311999999999330e+00,9.028717999999999577e+00
-8.325414999999999566e+00,9.027568000000000481e+00
-8.381256000000000483e+00,9.026422999999999419e+00
-8.437220999999999194e+00,9.025275999999999854e+00
-8.493271000000000015e+00,9.024127999999999261e+00
-8.549429999999999197e+00,9.022976999999999137e+00
-8.605295999999999168e+00,9.021833000000000879e+00
-8.661279999999999646e+00,9.020685999999999538e+00
-8.717123000000000843e+00,9.019541999999999504e+00
-8.773191999999999879e+00,9.018394000000000688e+00
-8.829281999999999186e+00,9.017245000000000843e+00
-8.885339999999999350e+00,9.016097000000000250e+00
-8.941128000000000853e+00,9.014955000000000496e+00
-8.997006999999999977e+00,9.013811000000000462e+00
-9.053162999999999627e+00,9.012660999999999589e+00
-9.109113000000000682e+00,9.011516000000000304e+00
-9.165032999999999319e+00,9.010372000000000270e+00
-9.221023000000000636e+00,9.009225999999999956e+00
-9.277010999999999896e+00,9.008079999999999643e+00
-9.333164000000000016e+00,9.006930999999999798e+00
-9.388868999999999687e+00,9.005791999999999575e+00
-9.445180999999999827e+00,9.004640000000000200e+00
-9.501075000000000159e+00,9.003496999999999417e+00
-9.556805999999999912e+00,9.002356999999999942e+00
-9.612811999999999912e+00,9.001212000000000657e+00
-9.669036999999999438e+00,9.000061999999999784e+00
-9.724755999999999290e+00,8.998922999999999561e+00
-9.781024000000000385e+00,8.997771999999999437e+00
-9.836740999999999957e+00,8.996632999999999214e+00
-9.892861999999999156e+00,8.995485999999999649e+00
-9.948710999999999416e+00,8.994344999999999146e+00
-1.000485600000000019e+01,8.993197999999999581e+00
-1.006069100000000027e+01,8.992057000000000855e+00
-1.011666600000000038e+01,8.990913000000000821e+00
-1.017270099999999999e+01,8.989767999999999759e+00
-1.022872500000000073e+01,8.988623999999999725e+00
-1.028474600000000017e+01,8.987479999999999691e+00
-1.034058199999999950e+01,8.986338999999999189e+00
-1.039656199999999941e+01,8.985196000000000183e+00
-1.045257299999999923e+01,8.984052999999999400e+00
-1.050869100000000067e+01,8.982907000000000863e+00
-1.056469799999999992e+01,8.981763000000000829e+00
-1.062071599999999982e+01,8.980620000000000047e+00
-1.067659800000000025e+01,8.979478999999999544e+00
-1.073245700000000014e+01,8.978339000000000070e+00
-1.078859500000000082e+01,8.977194000000000784e+00
-1.084454200000000057e+01,8.976051999999999254e+00
-1.090045499999999912e+01,8.974911999999999779e+00
-1.095645799999999959e+01,8.973767000000000493e+00
-1.101239200000000018e+01,8.972606999999999999e+00
-1.106836900000000057e+01,8.971422000000000452e+00
-1.112449400000000033e+01,8.970207000000000264e+00
-1.118033499999999947e+01,8.968963999999999714e+00
-1.123631499999999939e+01,8.967679999999999652e+00
-1.129229400000000005e+01,8.966354000000000823e+00
-1.134840999999999944e+01,8.964978000000000335e+00
-1.140440100000000001e+01,8.963549000000000433e+00
-1.146039799999999964e+01,8.962032999999999916e+00
-1.151636000000000060e+01,8.960388000000000019e+00
-1.157230000000000025e+01,8.958569000000000671e+00
-1.162828299999999970e+01,8.956535000000000579e+00
-1.168402299999999983e+01,8.954259000000000412e+00
-1.173897999999999975e+01,8.951710999999999530e+00
-1.179307099999999942e+01,8.948864000000000374e+00
-1.184648999999999930e+01,8.945652000000000825e+00
-1.189889999999999937e+01,8.942031999999999314e+00
-1.195052500000000073e+01,8.937924000000000646e+00
-1.200120000000000076e+01,8.933274000000000825e+00
-1.205091200000000029e+01,8.928012999999999977e+00
-1.209990099999999913e+01,8.922038000000000579e+00
-1.214790600000000076e+01,8.915298999999999197e+00
-1.219479699999999944e+01,8.907771000000000328e+00
-1.224093200000000081e+01,8.899354000000000653e+00
-1.228584099999999957e+01,8.890088999999999686e+00
-1.232978499999999933e+01,8.879875999999999436e+00
-1.237274700000000038e+01,8.868653999999999371e+00
-1.241444199999999931e+01,8.856441000000000230e+00
-1.245520999999999923e+01,8.843052000000000135e+00
-1.249557399999999951e+01,8.828179999999999694e+00
-1.253558100000000053e+01,8.811749000000000720e+00
-1.257494900000000015e+01,8.793836000000000652e+00
-1.261407699999999998e+01,8.774243000000000237e+00
-1.265252199999999938e+01,8.753190000000000026e+00
-1.269050000000000011e+01,8.730582000000000065e+00
-1.272772999999999932e+01,8.706616999999999607e+00
-1.276438300000000048e+01,8.681236000000000175e+00
-1.280042800000000014e+01,8.654505999999999588e+00
-1.283585300000000018e+01,8.626497000000000526e+00
-1.287067099999999975e+01,8.597267999999999688e+00
-1.290467399999999998e+01,8.567088000000000036e+00
-1.293819200000000080e+01,8.535747999999999891e+00
-1.297096799999999917e+01,8.503548999999999580e+00
-1.300323400000000085e+01,8.470328000000000301e+00
-1.303480899999999920e+01,8.436343000000000814e+00
-1.306582000000000043e+01,8.401540999999999926e+00
-1.309647599999999912e+01,8.365752000000000521e+00
-1.312634399999999957e+01,8.329570000000000363e+00
-1.315575399999999995e+01,8.292695000000000149e+00
-1.318475399999999986e+01,8.255148000000000152e+00
-1.321328300000000056e+01,8.217066000000000869e+00
-1.324141099999999938e+01,8.178404000000000451e+00
-1.326908000000000065e+01,8.139355999999999369e+00
-1.329645499999999991e+01,8.099804000000000670e+00
-1.332357900000000051e+01,8.059749000000000052e+00
-1.335022200000000048e+01,8.019583000000000794e+00
-1.337692499999999995e+01,7.978517000000000081e+00
-1.340277700000000038e+01,7.937916999999999668e+00
-1.342819099999999999e+01,7.897122999999999671e+00
-1.345318199999999997e+01,7.856125999999999721e+00
-1.347766599999999926e+01,7.815042000000000044e+00
-1.350178299999999965e+01,7.773597999999999786e+00
-1.352551899999999918e+01,7.731800999999999924e+00
-1.354872800000000055e+01,7.689906999999999826e+00
-1.357152199999999986e+01,7.647721999999999909e+00
-1.359397399999999934e+01,7.605102999999999724e+00
-1.361583500000000058e+01,7.562522999999999662e+00
-1.363728300000000004e+01,7.519635000000000069e+00
-1.365834399999999960e+01,7.476378999999999664e+00
-1.367891400000000068e+01,7.432959999999999567e+00
-1.369902199999999937e+01,7.389329000000000036e+00
-1.371884400000000070e+01,7.345087000000000366e+00
-1.373822799999999944e+01,7.300556000000000267e+00
-1.375716199999999922e+01,7.255762999999999963e+00
-1.377563699999999969e+01,7.210723999999999911e+00
-1.379378400000000049e+01,7.165115000000000123e+00
-1.381143499999999946e+01,7.119365000000000165e+00
-1.382879400000000025e+01,7.072962000000000415e+00
-1.384563900000000025e+01,7.026500999999999664e+00
-1.386202300000000065e+01,6.979861999999999789e+00
-1.387804000000000038e+01,6.932807999999999637e+00
-1.389362000000000030e+01,6.885572999999999944e+00
-1.390886500000000048e+01,6.837883999999999851e+00
-1.392366600000000076e+01,6.790097000000000271e+00
-1.393810000000000038e+01,6.742011999999999894e+00
-1.395217399999999941e+01,6.693641999999999648e+00
-1.396590300000000084e+01,6.644976999999999911e+00
-1.397924300000000031e+01,6.596220999999999890e+00
-1.399223600000000012e+01,6.547201000000000271e+00
-1.400482799999999983e+01,6.498072999999999766e+00
-1.401709999999999923e+01,6.448557000000000095e+00
-1.402900200000000019e+01,6.398892000000000024e+00
-1.404052899999999937e+01,6.349188999999999972e+00
-1.405176200000000009e+01,6.299205999999999861e+00
-1.406276699999999913e+01,6.248819000000000123e+00
-1.407346800000000009e+01,6.198591999999999658e+00
-1.408393900000000087e+01,6.148277000000000214e+00
-1.409419699999999942e+01,6.097663999999999973e+00
-1.410422900000000013e+01,6.046680000000000277e+00
-1.411391099999999987e+01,5.995834000000000330e+00
-1.412327400000000033e+01,5.944944999999999702e+00
-1.413241299999999967e+01,5.893534999999999968e+00
-1.414119900000000030e+01,5.842366000000000170e+00
-1.414974999999999916e+01,5.790789000000000186e+00
-1.415796500000000080e+01,5.739410000000000345e+00
-1.416593499999999928e+01,5.687693999999999583e+00
-1.417365900000000067e+01,5.635640000000000427e+00
-1.418105500000000063e+01,5.583816999999999808e+00
-1.418818399999999968e+01,5.531848000000000098e+00
-1.419506299999999932e+01,5.479573000000000249e+00
-1.420164300000000068e+01,5.427380999999999567e+00
-1.420796499999999973e+01,5.374895000000000422e+00
-1.421398100000000042e+01,5.322523000000000337e+00
-1.421974299999999936e+01,5.269794000000000089e+00
-1.422520100000000021e+01,5.217220000000000191e+00
-1.423039099999999912e+01,5.164442000000000199e+00
-1.423532600000000059e+01,5.111299999999999955e+00
-1.423994500000000052e+01,5.058558999999999806e+00
-1.424434399999999989e+01,5.005505999999999567e+00
-1.424851899999999993e+01,4.952391999999999683e+00
-1.425248200000000054e+01,4.899034999999999584e+00
-1.425619599999999920e+01,4.845938000000000301e+00
-1.425967299999999938e+01,4.793122999999999578e+00
-1.426284500000000044e+01,4.741329999999999600e+00
-1.426568800000000081e+01,4.690166999999999753e+00
-1.426814599999999977e+01,4.639836999999999989e+00
-1.427018499999999968e+01,4.590055999999999692e+00
-1.427178299999999922e+01,4.540667000000000009e+00
-1.427295100000000083e+01,4.491090999999999944e+00
-1.427371300000000076e+01,4.441359000000000279e+00
-1.427409300000000059e+01,4.391633999999999816e+00
-1.427411999999999992e+01,4.341641000000000084e+00
-1.427382000000000062e+01,4.291426000000000407e+00
-1.427321799999999996e+01,4.241259999999999586e+00
-1.427231100000000019e+01,4.190794000000000352e+00
-1.427109899999999953e+01,4.140297999999999590e+00
-1.426958600000000033e+01,4.089799000000000184e+00
-1.426776800000000023e+01,4.039106999999999559e+00
-1.426564499999999924e+01,3.988135000000000208e+00
-1.426323799999999942e+01,3.937248999999999999e+00
-1.426055599999999934e+01,3.886400000000000077e+00
-1.425758300000000034e+01,3.835132999999999903e+00
-1.425436499999999995e+01,3.784082999999999863e+00
-1.425089200000000034e+01,3.732902999999999860e+00
-1.424717599999999962e+01,3.681598000000000148e+00
-1.424322500000000069e+01,3.630147000000000013e+00
-1.423905500000000046e+01,3.578612000000000126e+00
-1.423467499999999930e+01,3.526952999999999783e+00
-1.423011499999999963e+01,3.475391999999999815e+00
-1.422537299999999938e+01,3.423767999999999923e+00
-1.422045299999999912e+01,3.371989999999999821e+00
-1.421535500000000063e+01,3.319974000000000203e+00
-1.421011700000000033e+01,3.267994999999999983e+00
-1.420476000000000028e+01,3.216146999999999867e+00
-1.419925699999999935e+01,3.164073999999999831e+00
-1.419364700000000035e+01,3.112054999999999794e+00
-1.418791099999999972e+01,3.059829999999999828e+00
-1.418208199999999941e+01,3.007638000000000034e+00
-1.417615299999999934e+01,2.955328000000000177e+00
-1.417013599999999940e+01,2.902956000000000092e+00
-1.416402899999999931e+01,2.850424999999999986e+00
-1.415787399999999963e+01,2.798045000000000115e+00
-1.415163800000000016e+01,2.745487999999999928e+00
-1.414532099999999915e+01,2.692696000000000200e+00
-1.413898000000000010e+01,2.640105999999999842e+00
-1.413258000000000081e+01,2.587390000000000079e+00
-1.412611799999999995e+01,2.534478000000000009e+00
-1.411963700000000088e+01,2.481684000000000001e+00
-1.411310499999999912e+01,2.428723000000000187e+00
-1.410657899999999998e+01,2.376020000000000021e+00
-1.409998799999999974e+01,2.322976000000000152e+00
-1.409340000000000082e+01,2.269981000000000027e+00
-1.408680000000000021e+01,2.216762000000000121e+00
-1.408022799999999997e+01,2.163695999999999842e+00
-1.407361000000000040e+01,2.110316000000000081e+00
-1.406699799999999989e+01,2.057198000000000082e+00
-1.406031699999999951e+01,2.003839999999999844e+00
-1.405362299999999998e+01,1.951035999999999992e+00
-1.404690399999999961e+01,1.899116999999999944e+00
-1.404011799999999965e+01,1.848101999999999911e+00
-1.403320100000000004e+01,1.797854000000000063e+00
-1.402610499999999938e+01,1.748367000000000004e+00
-1.401880899999999919e+01,1.699850000000000083e+00
-1.401123499999999922e+01,1.652115999999999918e+00
-1.400338900000000031e+01,1.605547000000000057e+00
-1.399513400000000019e+01,1.559665000000000079e+00
-1.398640800000000084e+01,1.514509000000000105e+00
-1.397727700000000084e+01,1.470736999999999961e+00
-1.396754199999999990e+01,1.427702999999999944e+00
-1.395719799999999999e+01,1.385617000000000099e+00
-1.394626399999999933e+01,1.344640999999999975e+00
-1.393467099999999981e+01,1.304505999999999943e+00
-1.392249900000000018e+01,1.265465999999999980e+00
-1.390975800000000007e+01,1.227562000000000042e+00
-1.389604100000000031e+01,1.189926000000000039e+00
-1.388125900000000001e+01,1.152544999999999931e+00
-1.386535800000000052e+01,1.115369999999999973e+00
-1.384833700000000078e+01,1.078443999999999958e+00
-1.383025100000000052e+01,1.041911999999999949e+00
-1.381109000000000009e+01,1.005746999999999947e+00
-1.378836699999999915e+01,9.656400000000000539e-01
-1.376689200000000035e+01,9.301310000000000411e-01
-1.374430500000000066e+01,8.948340000000000183e-01
-1.372074500000000086e+01,8.599179999999999602e-01
-1.369623400000000046e+01,8.253509999999999458e-01
-1.367081300000000077e+01,7.911399999999999544e-01
-1.364440500000000078e+01,7.571369999999999489e-01
-1.361718800000000051e+01,7.235470000000000512e-01
-1.358905099999999955e+01,6.902059999999999862e-01
-1.356022399999999983e+01,6.573480000000000434e-01
-1.353050999999999959e+01,6.247070000000000123e-01
-1.350004200000000054e+01,5.924019999999999841e-01
-1.346892300000000020e+01,5.605029999999999735e-01
-1.343719499999999911e+01,5.290390000000000370e-01
-1.340472800000000042e+01,4.978690000000000060e-01
-1.337152099999999955e+01,4.669360000000000177e-01
-1.333779900000000040e+01,4.363850000000000229e-01
-1.330359799999999915e+01,4.061910000000000243e-01
-1.326883400000000002e+01,3.762699999999999934e-01
-1.323379500000000064e+01,3.468890000000000029e-01
-1.319823000000000057e+01,3.178619999999999779e-01
-1.316213800000000056e+01,2.892250000000000099e-01
-1.312587899999999941e+01,2.612860000000000182e-01
-1.308891400000000083e+01,2.336260000000000003e-01
-1.305181699999999978e+01,2.066649999999999876e-01
-1.301416799999999974e+01,1.800940000000000041e-01
-1.297609600000000007e+01,1.540110000000000090e-01
-1.293760200000000005e+01,1.284140000000000004e-01
-1.289875100000000074e+01,1.033499999999999974e-01
-1.285956599999999916e+01,7.882799999999999530e-02
-1.281999000000000066e+01,5.480999999999999761e-02
-1.278007200000000054e+01,3.132800000000000168e-02
-1.273966799999999999e+01,8.302000000000000351e-03
-1.269865399999999944e+01,-1.433599999999999978e-02
-1.265746000000000038e+01,-3.634699999999999737e-02
-1.261543200000000020e+01,-5.808399999999999674e-02
-1.257333500000000015e+01,-7.915700000000000514e-02
-1.253052899999999958e+01,-9.989399999999999669e-02
-1.248729499999999959e+01,-1.201590000000000019e-01
-1.244385199999999969e+01,-1.398619999999999863e-01
-1.239983299999999922e+01,-1.591730000000000089e-01
-1.235542500000000032e+01,-1.780170000000000086e-01
-1.231075799999999987e+01,-1.963509999999999978e-01
-1.226573199999999986e+01,-2.142290000000000028e-01
-1.222029400000000088e+01,-2.316840000000000011e-01
-1.217453099999999999e+01,-2.486929999999999974e-01
-1.212845599999999990e+01,-2.652579999999999938e-01
-1.208202700000000007e+01,-2.814090000000000202e-01
-1.203526300000000049e+01,-2.971480000000000232e-01
-1.198830500000000043e+01,-3.124419999999999975e-01
-1.194111400000000067e+01,-3.273209999999999731e-01
-1.189358299999999957e+01,-3.418249999999999900e-01
-1.184561599999999970e+01,-3.559910000000000019e-01
-1.179756399999999950e+01,-3.697289999999999743e-01
-1.174932500000000068e+01,-3.830839999999999801e-01
-1.170088900000000010e+01,-3.960719999999999796e-01
-1.165226900000000043e+01,-4.086980000000000057e-01
-1.160334499999999913e+01,-4.210019999999999873e-01
-1.155410099999999929e+01,-4.329970000000000208e-01
-1.150480800000000059e+01,-4.446289999999999965e-01
-1.145536700000000074e+01,-4.559239999999999959e-01
-1.140546600000000055e+01,-4.669630000000000170e-01
-1.135576200000000036e+01,-4.776110000000000078e-01
-1.130549599999999977e+01,-4.880390000000000006e-01
-1.125545400000000029e+01,-4.980879999999999752e-01
-1.120489700000000077e+01,-5.079139999999999766e-01
-1.115445000000000064e+01,-5.174020000000000286e-01
-1.110386199999999945e+01,-5.266079999999999650e-01
-1.105289900000000003e+01,-5.355799999999999450e-01
-1.100183200000000028e+01,-5.442730000000000068e-01
-1.095091799999999971e+01,-5.526510000000000034e-01
-1.089945400000000042e+01,-5.608330000000000259e-01
-1.084809800000000024e+01,-5.687170000000000281e-01
-1.079667099999999991e+01,-5.763369999999999882e-01
-1.074507799999999946e+01,-5.837139999999999551e-01
-1.069339500000000065e+01,-5.908400000000000318e-01
-1.064155399999999929e+01,-5.977259999999999796e-01
-1.058955399999999969e+01,-6.043770000000000531e-01
-1.053749400000000058e+01,-6.107839999999999936e-01
-1.048531799999999947e+01,-6.169590000000000352e-01
-1.043302399999999963e+01,-6.229040000000000132e-01
-1.038065300000000057e+01,-6.286230000000000429e-01
-1.032819899999999969e+01,-6.341240000000000210e-01
-1.027552799999999955e+01,-6.394339999999999469e-01
-1.022280199999999972e+01,-6.445610000000000506e-01
-1.017008799999999979e+01,-6.495030000000000525e-01
-1.011742699999999928e+01,-6.542609999999999815e-01
-1.006452400000000047e+01,-6.588650000000000340e-01
-1.001157000000000075e+01,-6.633040000000000047e-01
-9.958386000000000848e+00,-6.675969999999999960e-01
-9.905431000000000097e+00,-6.717140000000000333e-01
-9.852173000000000513e+00,-6.757009999999999961e-01
-9.798809000000000324e+00,-6.795499999999999874e-01
-9.745485000000000397e+00,-6.832570000000000032e-01
-9.692216999999999416e+00,-6.868279999999999941e-01
-9.638880999999999588e+00,-6.902779999999999472e-01
-9.585198000000000107e+00,-6.936320000000000263e-01
-9.531810000000000116e+00,-6.968569999999999487e-01
-9.478225000000000122e+00,-6.999889999999999723e-01
-9.424469000000000207e+00,-7.030319999999999903e-01
-9.370596000000000814e+00,-7.059720000000000439e-01
-9.316950999999999539e+00,-7.087689999999999824e-01
-9.263163999999999731e+00,-7.114470000000000516e-01
-9.209381000000000483e+00,-7.140009999999999968e-01
-9.155310999999999311e+00,-7.164430000000000520e-01
-9.101288000000000267e+00,-7.187559999999999505e-01
-9.047439999999999927e+00,-7.209379999999999677e-01
-8.993266999999999456e+00,-7.230100000000000415e-01
-8.939260000000000872e+00,-7.249579999999999913e-01
-8.885116999999999265e+00,-7.267909999999999648e-01
-8.830628000000000810e+00,-7.285169999999999702e-01
-8.776453000000000060e+00,-7.301269999999999705e-01
-8.722388999999999726e+00,-7.316540000000000266e-01
-8.668086000000000624e+00,-7.331069999999999531e-01
-8.613651000000000835e+00,-7.344810000000000505e-01
-8.559303999999999135e+00,-7.357690000000000063e-01
-8.504832999999999643e+00,-7.369729999999999892e-01
-8.450226000000000681e+00,-7.380949999999999456e-01
-8.395861000000000018e+00,-7.391259999999999497e-01
-8.341350999999999516e+00,-7.400769999999999849e-01
-8.286618000000000706e+00,-7.409480000000000510e-01
-8.232160000000000366e+00,-7.417350000000000332e-01
-8.177592999999999890e+00,-7.424460000000000504e-01
-8.123015999999999792e+00,-7.430809999999999915e-01
-8.068011000000000266e+00,-7.436469999999999470e-01
-8.013633999999999702e+00,-7.441360000000000197e-01
-7.958892999999999773e+00,-7.445619999999999461e-01
-7.904098000000000290e+00,-7.449240000000000306e-01
-7.849127000000000187e+00,-7.452250000000000263e-01
-7.794512000000000107e+00,-7.454650000000000443e-01
-7.739525999999999684e+00,-7.456519999999999815e-01
-7.684776000000000273e+00,-7.457850000000000312e-01
-7.629817000000000071e+00,-7.458700000000000330e-01
-7.574868999999999630e+00,-7.459069999999999867e-01
-7.519949000000000439e+00,-7.459000000000000075e-01
-7.464965000000000295e+00,-7.458519999999999595e-01
-7.410102000000000189e+00,-7.457660000000000400e-01
-7.355078999999999922e+00,-7.456429999999999447e-01
-7.300069999999999837e+00,-7.454870000000000108e-01
-7.244913000000000380e+00,-7.452990000000000448e-01
-7.189716999999999913e+00,-7.450820000000000221e-01
-7.134873999999999938e+00,-7.448390000000000288e-01
-7.079772000000000176e+00,-7.445709999999999829e-01
-7.024526999999999965e+00,-7.442779999999999951e-01
-6.969482000000000177e+00,-7.439660000000000162e-01
-6.914246000000000336e+00,-7.436329999999999885e-01
-6.859135000000000204e+00,-7.432819999999999983e-01
-6.803771000000000235e+00,-7.429139999999999633e-01
-6.748536999999999786e+00,-7.425319999999999698e-01
-6.693298999999999666e+00,-7.421360000000000179e-01
-6.638091000000000186e+00,-7.417289999999999717e-01
-6.582893999999999579e+00,-7.413100000000000245e-01
-6.527705000000000091e+00,-7.408810000000000118e-01
-6.472444999999999560e+00,-7.404420000000000446e-01
-6.417013999999999996e+00,-7.399940000000000406e-01
-6.361771000000000065e+00,-7.395410000000000039e-01
-6.306381000000000014e+00,-7.390790000000000415e-01
-6.251094000000000150e+00,-7.386129999999999640e-01
-6.195496999999999588e+00,-7.381389999999999896e-01
-6.140145000000000408e+00,-7.376629999999999576e-01
-6.084965000000000401e+00,-7.371839999999999504e-01
-6.029448999999999614e+00,-7.366989999999999927e-01
-5.974027000000000420e+00,-7.362119999999999775e-01
-5.918745000000000367e+00,-7.357240000000000446e-01
-5.863101999999999592e+00,-7.352309999999999679e-01
-5.807830000000000048e+00,-7.347390000000000310e-01
-5.752341999999999622e+00,-7.342429999999999790e-01
-5.696747000000000227e+00,-7.337460000000000093e-01
-5.641267000000000031e+00,-7.332490000000000396e-01
-5.585713000000000150e+00,-7.327500000000000124e-01
-5.530387000000000164e+00,-7.322539999999999605e-01
-5.474791999999999881e+00,-7.317540000000000155e-01
-5.419343999999999717e+00,-7.312560000000000171e-01
-5.363813000000000386e+00,-7.307569999999999899e-01
-5.308250000000000135e+00,-7.302579999999999627e-01
-5.252690000000000303e+00,-7.297590000000000465e-01
-5.197124999999999773e+00,-7.292600000000000193e-01
-5.141418999999999961e+00,-7.287609999999999921e-01
-5.085969999999999658e+00,-7.282650000000000512e-01
-5.030281999999999698e+00,-7.277660000000000240e-01
-4.974585000000000257e+00,-7.272690000000000543e-01
-4.918980999999999604e+00,-7.267730000000000024e-01
-4.863426999999999722e+00,-7.262779999999999792e-01
-4.807921999999999585e+00,-7.257839999999999847e-01
-4.752169999999999561e+00,-7.252880000000000438e-01
-4.696551999999999616e+00,-7.247949999999999671e-01
-4.640751999999999988e+00,-7.243000000000000549e-01
-4.585304999999999964e+00,-7.238099999999999534e-01
-4.529500999999999777e+00,-7.233169999999999877e-01
-4.473792999999999687e+00,-7.228250000000000508e-01
-4.418288000000000437e+00,-7.223359999999999781e-01
-4.362624000000000279e+00,-7.218470000000000164e-01
-4.306836999999999804e+00,-7.213559999999999972e-01
-4.251126000000000182e+00,-7.208679999999999533e-01
-4.195527000000000228e+00,-7.203800000000000203e-01
-4.139771999999999785e+00,-7.198919999999999764e-01
-4.083974000000000437e+00,-7.194049999999999612e-01
-4.028264000000000067e+00,-7.189179999999999460e-01
-3.972430000000000128e+00,-7.184310000000000418e-01
-3.916904999999999859e+00,-7.179480000000000306e-01
-3.861067999999999945e+00,-7.174620000000000442e-01
-3.805289000000000144e+00,-7.169769999999999754e-01
-3.749677000000000149e+00,-7.164939999999999642e-01
-3.693932999999999911e+00,-7.160100000000000353e-01
-3.637944000000000067e+00,-7.155249999999999666e-01
-3.582196999999999854e+00,-7.150419999999999554e-01
-3.526393000000000111e+00,-7.145590000000000552e-01
-3.470718000000000192e+00,-7.140779999999999905e-01
-3.415049999999999919e+00,-7.135970000000000368e-01
-3.359166999999999792e+00,-7.131150000000000544e-01
-3.303444999999999965e+00,-7.126339999999999897e-01
-3.247672999999999810e+00,-7.121530000000000360e-01
-3.191784000000000177e+00,-7.116719999999999713e-01
-3.136020999999999948e+00,-7.111920000000000464e-01
-3.080281999999999965e+00,-7.107120000000000104e-01
-3.024315000000000087e+00,-7.102309999999999457e-01
-2.968383000000000216e+00,-7.097499999999999920e-01
-2.912799000000000138e+00,-7.092730000000000423e-01
-2.856793999999999834e+00,-7.087919999999999776e-01
-2.801181999999999839e+00,-7.083150000000000279e-01
-2.745308000000000082e+00,-7.078349999999999920e-01
-2.689395000000000202e+00,-7.073559999999999848e-01
-2.633490999999999804e+00,-7.068769999999999776e-01
-2.577840999999999827e+00,-7.064000000000000279e-01
-2.521876999999999924e+00,-7.059210000000000207e-01
-2.465939000000000103e+00,-7.054430000000000422e-01
-2.410277999999999921e+00,-7.049659999999999815e-01
-2.354416000000000064e+00,-7.044890000000000319e-01
-2.298362000000000016e+00,-7.040100000000000247e-01
-2.242713999999999874e+00,-7.035339999999999927e-01
-2.186755999999999922e+00,-7.030560000000000143e-01
-2.130980999999999792e+00,-7.025799999999999823e-01
-2.075018000000000029e+00,-7.021020000000000039e-01
-2.019140000000000157e+00,-7.016250000000000542e-01
-1.963144000000000000e+00,-7.011479999999999935e-01
-1.907486000000000015e+00,-7.006729999999999903e-01
-1.851553000000000004e+00,-7.001960000000000406e-01
-1.795657000000000059e+00,-6.997200000000000086e-01
-1.739770999999999956e+00,-6.992439999999999767e-01
-1.683969999999999967e+00,-6.987689999999999735e-01
-1.628077999999999914e+00,-6.982930000000000526e-01
-1.572176999999999936e+00,-6.978170000000000206e-01
-1.516283000000000047e+00,-6.973420000000000174e-01
-1.460412999999999961e+00,-6.968659999999999854e-01
-1.404384000000000077e+00,-6.963899999999999535e-01
-1.348583000000000087e+00,-6.959159999999999791e-01
-1.292443999999999926e+00,-6.954380000000000006e-01
-1.236776000000000098e+00,-6.949650000000000549e-01
-1.180890999999999913e+00,-6.944909999999999695e-01
-1.124787999999999899e+00,-6.940140000000000198e-01
-1.069042999999999966e+00,-6.935409999999999631e-01
-1.013036999999999965e+00,-6.930659999999999599e-01
-9.571300000000000363e-01,-6.925919999999999854e-01
-9.013489999999999558e-01,-6.921190000000000397e-01
-8.453169999999999851e-01,-6.916430000000000078e-01
-7.893790000000000529e-01,-6.911690000000000333e-01
-7.335810000000000386e-01,-6.906959999999999766e-01
-6.776560000000000361e-01,-6.902230000000000310e-01
-6.217169999999999641e-01,-6.897489999999999455e-01
-5.656940000000000301e-01,-6.892749999999999710e-01
-5.096500000000000474e-01,-6.887999999999999678e-01
-4.538329999999999864e-01,-6.883280000000000509e-01
-3.980139999999999789e-01,-6.878560000000000230e-01
-3.420949999999999824e-01,-6.873829999999999663e-01
-2.859010000000000162e-01,-6.869079999999999631e-01
-2.302009999999999890e-01,-6.864369999999999639e-01
-1.742440000000000100e-01,-6.859640000000000182e-01
-1.181780000000000053e-01,-6.854900000000000437e-01
-6.240799999999999820e-02,-6.850190000000000445e-01
-6.335999999999999618e-03,-6.845459999999999878e-01
4.946600000000000302e-02,-6.840749999999999886e-01
1.054400000000000059e-01,-6.836029999999999607e-01
1.614589999999999914e-01,-6.831300000000000150e-01
2.174339999999999884e-01,-6.826579999999999870e-01
2.735049999999999981e-01,-6.821850000000000414e-01
3.293090000000000184e-01,-6.817149999999999599e-01
3.853019999999999778e-01,-6.812430000000000430e-01
4.412460000000000271e-01,-6.807720000000000438e-01
4.972889999999999810e-01,-6.803000000000000158e-01
5.531030000000000113e-01,-6.798300000000000454e-01
6.090480000000000338e-01,-6.793590000000000462e-01
